{
  "1001": {
    "id": 1001,
    "carid": "car_202",
    "speed": 30,
    "acceleration": 0.0009,
    "maxBackspeed": 0.2,
    "backAcceleration": 0.0003,
    "carLeftRightRotationCoeffi": 8,
    "unlocktype": 1,
    "probability": 0,
    "unlocktime": -1,
    "gasoline": 3
  },
  "1002": {
    "id": 1002,
    "carid": "car_201",
    "speed": 30,
    "acceleration": 0.0009,
    "maxBackspeed": 0.2,
    "backAcceleration": 0.0003,
    "carLeftRightRotationCoeffi": 8,
    "unlocktype": 1,
    "probability": 2000,
    "unlocktime": 600,
    "gasoline": 3
  },
  "1003": {
    "id": 1003,
    "carid": "car_203",
    "speed": 30,
    "acceleration": 0.0009,
    "maxBackspeed": 0.2,
    "backAcceleration": 0.0003,
    "carLeftRightRotationCoeffi": 8,
    "unlocktype": 1,
    "probability": 5000,
    "unlocktime": 1200,
    "gasoline": 3
  },
  "1004": {
    "id": 1004,
    "carid": "car_204",
    "speed": 30,
    "acceleration": 0.0009,
    "maxBackspeed": 0.2,
    "backAcceleration": 0.0003,
    "carLeftRightRotationCoeffi": 8,
    "unlocktype": 1,
    "probability": 10000,
    "unlocktime": 1800,
    "gasoline": 3
  },
  "1005": {
    "id": 1005,
    "carid": "car_205",
    "speed": 30,
    "acceleration": 0.0009,
    "maxBackspeed": 0.2,
    "backAcceleration": 0.0003,
    "carLeftRightRotationCoeffi": 8,
    "unlocktype": 1,
    "probability": 20000,
    "unlocktime": 3600,
    "gasoline": 3
  },
  "1006": {
    "id": 1006,
    "carid": "car_206",
    "speed": 30,
    "acceleration": 0.0009,
    "maxBackspeed": 0.2,
    "backAcceleration": 0.0003,
    "carLeftRightRotationCoeffi": 8,
    "unlocktype": 1,
    "probability": 50000,
    "unlocktime": 7200,
    "gasoline": 3
  },
  "1007": {
    "id": 1007,
    "carid": "car_207",
    "speed": 30,
    "acceleration": 0.0009,
    "maxBackspeed": 0.2,
    "backAcceleration": 0.0003,
    "carLeftRightRotationCoeffi": 8,
    "unlocktype": 1,
    "probability": 80000,
    "unlocktime": 7200,
    "gasoline": 3
  },
  "1008": {
    "id": 1008,
    "carid": "car_208",
    "speed": 30,
    "acceleration": 0.0009,
    "maxBackspeed": 0.2,
    "backAcceleration": 0.0003,
    "carLeftRightRotationCoeffi": 8,
    "unlocktype": 1,
    "probability": 100000,
    "unlocktime": 7200,
    "gasoline": 4
  },
  "1009": {
    "id": 1009,
    "carid": "car_209",
    "speed": 30,
    "acceleration": 0.0009,
    "maxBackspeed": 0.2,
    "backAcceleration": 0.0003,
    "carLeftRightRotationCoeffi": 8,
    "unlocktype": 1,
    "probability": 150000,
    "unlocktime": 7200,
    "gasoline": 4
  },
  "1010": {
    "id": 1010,
    "carid": "car_210",
    "speed": 30,
    "acceleration": 0.0009,
    "maxBackspeed": 0.2,
    "backAcceleration": 0.0003,
    "carLeftRightRotationCoeffi": 8,
    "unlocktype": 1,
    "probability": 200000,
    "unlocktime": 7200,
    "gasoline": 4
  },
  "1011": {
    "id": 1011,
    "carid": "car_211",
    "speed": 30,
    "acceleration": 0.0009,
    "maxBackspeed": 0.2,
    "backAcceleration": 0.0003,
    "carLeftRightRotationCoeffi": 8,
    "unlocktype": 1,
    "probability": 250000,
    "unlocktime": 7200,
    "gasoline": 4
  },
  "1012": {
    "id": 1012,
    "carid": "car_212",
    "speed": 30,
    "acceleration": 0.0009,
    "maxBackspeed": 0.2,
    "backAcceleration": 0.0003,
    "carLeftRightRotationCoeffi": 8,
    "unlocktype": 1,
    "probability": 300000,
    "unlocktime": 7200,
    "gasoline": 4
  },
  "1013": {
    "id": 1013,
    "carid": "car_213",
    "speed": 30,
    "acceleration": 0.0009,
    "maxBackspeed": 0.2,
    "backAcceleration": 0.0003,
    "carLeftRightRotationCoeffi": 8,
    "unlocktype": 1,
    "probability": 350000,
    "unlocktime": 7200,
    "gasoline": 4
  },
  "1014": {
    "id": 1014,
    "carid": "car_214",
    "speed": 30,
    "acceleration": 0.0009,
    "maxBackspeed": 0.2,
    "backAcceleration": 0.0003,
    "carLeftRightRotationCoeffi": 8,
    "unlocktype": 1,
    "probability": 400000,
    "unlocktime": 7200,
    "gasoline": 4
  },
  "1015": {
    "id": 1015,
    "carid": "car_215",
    "speed": 30,
    "acceleration": 0.0009,
    "maxBackspeed": 0.2,
    "backAcceleration": 0.0003,
    "carLeftRightRotationCoeffi": 8,
    "unlocktype": 1,
    "probability": 450000,
    "unlocktime": 7200,
    "gasoline": 4
  },
  "1016": {
    "id": 1016,
    "carid": "car_216",
    "speed": 30,
    "acceleration": 0.0009,
    "maxBackspeed": 0.2,
    "backAcceleration": 0.0003,
    "carLeftRightRotationCoeffi": 8,
    "unlocktype": 1,
    "probability": 500000,
    "unlocktime": 7200,
    "gasoline": 5
  },
  "1017": {
    "id": 1017,
    "carid": "car_217",
    "speed": 30,
    "acceleration": 0.0009,
    "maxBackspeed": 0.2,
    "backAcceleration": 0.0003,
    "carLeftRightRotationCoeffi": 8,
    "unlocktype": 1,
    "probability": 550000,
    "unlocktime": 7200,
    "gasoline": 5
  },
  "1018": {
    "id": 1018,
    "carid": "car_218",
    "speed": 30,
    "acceleration": 0.0009,
    "maxBackspeed": 0.2,
    "backAcceleration": 0.0003,
    "carLeftRightRotationCoeffi": 8,
    "unlocktype": 1,
    "probability": 600000,
    "unlocktime": 7200,
    "gasoline": 5
  },
  "1019": {
    "id": 1019,
    "carid": "car_219",
    "speed": 30,
    "acceleration": 0.0009,
    "maxBackspeed": 0.2,
    "backAcceleration": 0.0003,
    "carLeftRightRotationCoeffi": 8,
    "unlocktype": 1,
    "probability": 650000,
    "unlocktime": 7200,
    "gasoline": 5
  },
  "1020": {
    "id": 1020,
    "carid": "car_220",
    "speed": 30,
    "acceleration": 0.0009,
    "maxBackspeed": 0.2,
    "backAcceleration": 0.0003,
    "carLeftRightRotationCoeffi": 8,
    "unlocktype": 1,
    "probability": 700000,
    "unlocktime": 7200,
    "gasoline": 5
  },
  "1021": {
    "id": 1021,
    "carid": "car_221",
    "speed": 30,
    "acceleration": 0.0009,
    "maxBackspeed": 0.2,
    "backAcceleration": 0.0003,
    "carLeftRightRotationCoeffi": 8,
    "unlocktype": 1,
    "probability": 750000,
    "unlocktime": 7200,
    "gasoline": 5
  },
  "1022": {
    "id": 1022,
    "carid": "car_222",
    "speed": 30,
    "acceleration": 0.0009,
    "maxBackspeed": 0.2,
    "backAcceleration": 0.0003,
    "carLeftRightRotationCoeffi": 8,
    "unlocktype": 1,
    "probability": 800000,
    "unlocktime": -1,
    "gasoline": 5
  },
  "1023": {
    "id": 1023,
    "carid": "car_223",
    "speed": 30,
    "acceleration": 0.0009,
    "maxBackspeed": 0.2,
    "backAcceleration": 0.0003,
    "carLeftRightRotationCoeffi": 8,
    "unlocktype": 1,
    "probability": 850000,
    "unlocktime": -1,
    "gasoline": 5
  },
  "1024": {
    "id": 1024,
    "carid": "car_224",
    "speed": 30,
    "acceleration": 0.0009,
    "maxBackspeed": 0.2,
    "backAcceleration": 0.0003,
    "carLeftRightRotationCoeffi": 8,
    "unlocktype": 1,
    "probability": 900000,
    "unlocktime": -1,
    "gasoline": 5
  },
  "1025": {
    "id": 1025,
    "carid": "car_225",
    "speed": 30,
    "acceleration": 0.0009,
    "maxBackspeed": 0.2,
    "backAcceleration": 0.0003,
    "carLeftRightRotationCoeffi": 8,
    "unlocktype": 1,
    "probability": 950000,
    "unlocktime": -1,
    "gasoline": 5
  },
  "1026": {
    "id": 1026,
    "carid": "car_226",
    "speed": 30,
    "acceleration": 0.0009,
    "maxBackspeed": 0.2,
    "backAcceleration": 0.0003,
    "carLeftRightRotationCoeffi": 8,
    "unlocktype": 1,
    "probability": 1000000,
    "unlocktime": -1,
    "gasoline": 5
  }
}