{
  "1": {
    "id": 1,
    "station1": "1,2;2,2",
    "station2": -1,
    "station3": 0.0,
    "station4": 0.0,
    "station5": 0.0,
    "ticketgold": 2,
    "ticketgold2": 300,
    "startlucky": 0,
    "endlucky": 0,
    "offlinegold": 900,
    "drivinggold": 1,
    "drivingpassgold": 450,
    "startvideo": 0
  },
  "2": {
    "id": 2,
    "station1": "3,2;4,3;5,3",
    "station2": 0.0,
    "station3": -1,
    "station4": 0.0,
    "station5": 0.0,
    "ticketgold": 4,
    "ticketgold2": 500,
    "startlucky": 0,
    "endlucky": 0,
    "offlinegold": 1500,
    "drivinggold": 2,
    "drivingpassgold": 750,
    "startvideo": 0
  },
  "3": {
    "id": 3,
    "station1": "6,2;7,2;8,2;9,2",
    "station2": -1,
    "station3": 0.0,
    "station4": 0.0,
    "station5": 0.0,
    "ticketgold": 6,
    "ticketgold2": 700,
    "startlucky": 0,
    "endlucky": 0,
    "offlinegold": 2100,
    "drivinggold": 3,
    "drivingpassgold": 1050,
    "startvideo": 0
  },
  "4": {
    "id": 4,
    "station1": "10,2;1,2;2,2",
    "station2": -1,
    "station3": 0.0,
    "station4": 0.0,
    "station5": 0.0,
    "ticketgold": 8,
    "ticketgold2": 900,
    "startlucky": 0,
    "endlucky": 0,
    "offlinegold": 2700,
    "drivinggold": 4,
    "drivingpassgold": 1350,
    "startvideo": 0
  },
  "5": {
    "id": 5,
    "station1": "3,2;4,2;5,2;6,2",
    "station2": -1,
    "station3": 0.0,
    "station4": 0.0,
    "station5": 0.0,
    "ticketgold": 10,
    "ticketgold2": 1100,
    "startlucky": 0,
    "endlucky": 0,
    "offlinegold": 3300,
    "drivinggold": 5,
    "drivingpassgold": 1650,
    "startvideo": 0
  },
  "6": {
    "id": 6,
    "station1": "7,2;8,2;9,3",
    "station2": "10,3;1,3",
    "station3": -1,
    "station4": 0.0,
    "station5": 0.0,
    "ticketgold": 12,
    "ticketgold2": 1300,
    "startlucky": 0,
    "endlucky": 0,
    "offlinegold": 3900,
    "drivinggold": 6,
    "drivingpassgold": 1950,
    "startvideo": 0
  },
  "7": {
    "id": 7,
    "station1": "2,2;3,2;4,2;5,3",
    "station2": "6,3",
    "station3": -1,
    "station4": 0.0,
    "station5": 0.0,
    "ticketgold": 14,
    "ticketgold2": 1500,
    "startlucky": 0,
    "endlucky": 0,
    "offlinegold": 4500,
    "drivinggold": 7,
    "drivingpassgold": 2250,
    "startvideo": 0
  },
  "8": {
    "id": 8,
    "station1": "7,2;8,3;9,3",
    "station2": "10,4;1,4",
    "station3": "2,4",
    "station4": -1,
    "station5": 0.0,
    "ticketgold": 16,
    "ticketgold2": 1700,
    "startlucky": 0,
    "endlucky": 0,
    "offlinegold": 5100,
    "drivinggold": 8,
    "drivingpassgold": 2550,
    "startvideo": 0
  },
  "9": {
    "id": 9,
    "station1": "3,2;4,2;5,3;6,3",
    "station2": "7,3;8,3",
    "station3": -1,
    "station4": 0.0,
    "station5": 0.0,
    "ticketgold": 18,
    "ticketgold2": 1900,
    "startlucky": 0,
    "endlucky": 0,
    "offlinegold": 5700,
    "drivinggold": 9,
    "drivingpassgold": 2850,
    "startvideo": 0
  },
  "10": {
    "id": 10,
    "station1": "9,2;10,3;1,3",
    "station2": "2,4;3,4",
    "station3": "4,4",
    "station4": -1,
    "station5": 0.0,
    "ticketgold": 20,
    "ticketgold2": 2100,
    "startlucky": 0,
    "endlucky": 0,
    "offlinegold": 6300,
    "drivinggold": 10,
    "drivingpassgold": 3150,
    "startvideo": 0
  },
  "11": {
    "id": 11,
    "station1": "5,2;6,2;7,3;8,3",
    "station2": "9,3;10,4;1,4",
    "station3": "5,4",
    "station4": -1,
    "station5": 0.0,
    "ticketgold": 22,
    "ticketgold2": 2300,
    "startlucky": 0,
    "endlucky": 0,
    "offlinegold": 6900,
    "drivinggold": 11,
    "drivingpassgold": 3450,
    "startvideo": 0
  },
  "12": {
    "id": 12,
    "station1": "6,2;7,2;8,2;9,3",
    "station2": "10,4",
    "station3": "1,4;2,4;3,4",
    "station4": -1,
    "station5": 0.0,
    "ticketgold": 24,
    "ticketgold2": 2500,
    "startlucky": 0,
    "endlucky": 0,
    "offlinegold": 7500,
    "drivinggold": 12,
    "drivingpassgold": 3750,
    "startvideo": 0
  },
  "13": {
    "id": 13,
    "station1": "4,2;5,3;5,3",
    "station2": "6,4;7,4",
    "station3": "8,4;9,4;10,4",
    "station4": -1,
    "station5": 0.0,
    "ticketgold": 26,
    "ticketgold2": 2700,
    "startlucky": 0,
    "endlucky": 0,
    "offlinegold": 8100,
    "drivinggold": 13,
    "drivingpassgold": 4050,
    "startvideo": 0
  },
  "14": {
    "id": 14,
    "station1": "1,2;2,2;3,2;4,3",
    "station2": "5,4",
    "station3": "6,4;7,4;8,4",
    "station4": -1,
    "station5": 0.0,
    "ticketgold": 28,
    "ticketgold2": 2900,
    "startlucky": 0,
    "endlucky": 0,
    "offlinegold": 8700,
    "drivinggold": 14,
    "drivingpassgold": 4350,
    "startvideo": 0
  },
  "15": {
    "id": 15,
    "station1": "9,2;10,2;1,2;3,3;4,3",
    "station2": "5,3;6,3;7,3",
    "station3": -1,
    "station4": 0.0,
    "station5": 0.0,
    "ticketgold": 30,
    "ticketgold2": 3100,
    "startlucky": 0,
    "endlucky": 0,
    "offlinegold": 9300,
    "drivinggold": 15,
    "drivingpassgold": 4650,
    "startvideo": 0
  },
  "16": {
    "id": 16,
    "station1": "8,2;9,2;10,3;1,3",
    "station2": "2,3;3,4;4,4",
    "station3": "5,5",
    "station4": "6,5;7,5",
    "station5": -1,
    "ticketgold": 32,
    "ticketgold2": 3300,
    "startlucky": 0,
    "endlucky": 0,
    "offlinegold": 9900,
    "drivinggold": 16,
    "drivingpassgold": 4950,
    "startvideo": 0
  },
  "17": {
    "id": 17,
    "station1": "8,2;9,2;10,2",
    "station2": "1,3",
    "station3": "2,4;3,5;4,5",
    "station4": "5,5;6,5;7,5",
    "station5": -1,
    "ticketgold": 34,
    "ticketgold2": 3500,
    "startlucky": 0,
    "endlucky": 0,
    "offlinegold": 10500,
    "drivinggold": 17,
    "drivingpassgold": 5250,
    "startvideo": 0
  },
  "18": {
    "id": 18,
    "station1": "1,2;2,3;3,3;4,4",
    "station2": "5,4;6,4",
    "station3": "7,4;8,5;9,5",
    "station4": "10,5",
    "station5": -1,
    "ticketgold": 36,
    "ticketgold2": 3700,
    "startlucky": 0,
    "endlucky": 0,
    "offlinegold": 11100,
    "drivinggold": 18,
    "drivingpassgold": 5550,
    "startvideo": 0
  },
  "19": {
    "id": 19,
    "station1": "5,2;6,2;7,2;8,3",
    "station2": "9,3",
    "station3": "10,4;1,5",
    "station4": "2,5;3,5;4,5",
    "station5": -1,
    "ticketgold": 38,
    "ticketgold2": 3900,
    "startlucky": 0,
    "endlucky": 0,
    "offlinegold": 11700,
    "drivinggold": 19,
    "drivingpassgold": 5850,
    "startvideo": 0
  },
  "20": {
    "id": 20,
    "station1": "9,2;10,2",
    "station2": "1,3;2,3;3,3",
    "station3": "4,4",
    "station4": "5,5;6,5;7,5;8,5",
    "station5": -1,
    "ticketgold": 40,
    "ticketgold2": 4100,
    "startlucky": 0,
    "endlucky": 0,
    "offlinegold": 12300,
    "drivinggold": 20,
    "drivingpassgold": 6150,
    "startvideo": 0
  },
  "21": {
    "id": 21,
    "station1": "1,2;2,2;3,2;4,3",
    "station2": "5,3;6,3",
    "station3": "7,4;8,4;9,5",
    "station4": "10,5;1,5;2,5",
    "station5": -1,
    "ticketgold": 42,
    "ticketgold2": 4300,
    "startlucky": 0,
    "endlucky": 0,
    "offlinegold": 12900,
    "drivinggold": 21,
    "drivingpassgold": 6450,
    "startvideo": 0
  },
  "22": {
    "id": 22,
    "station1": "5,2;6,2;7,3",
    "station2": "8,3;9,3;10,4",
    "station3": "1,4;2,4;5,5",
    "station4": "6,5;7,5;8,5",
    "station5": -1,
    "ticketgold": 44,
    "ticketgold2": 4500,
    "startlucky": 0,
    "endlucky": 0,
    "offlinegold": 13500,
    "drivinggold": 22,
    "drivingpassgold": 6750,
    "startvideo": 0
  },
  "23": {
    "id": 23,
    "station1": "8,2;7,2;9,3;10,3;1,4",
    "station2": "2,4;3,4;4,4;5,5",
    "station3": "6,5;7,5",
    "station4": "8,5",
    "station5": -1,
    "ticketgold": 46,
    "ticketgold2": 4700,
    "startlucky": 0,
    "endlucky": 0,
    "offlinegold": 14100,
    "drivinggold": 23,
    "drivingpassgold": 7050,
    "startvideo": 0
  },
  "24": {
    "id": 24,
    "station1": "3,2;4,2;5,3;6,3",
    "station2": "7,4;8,4",
    "station3": "9,4;10,5;1,5;2,5",
    "station4": "3,5;4,5",
    "station5": -1,
    "ticketgold": 48,
    "ticketgold2": 4900,
    "startlucky": 0,
    "endlucky": 0,
    "offlinegold": 14700,
    "drivinggold": 24,
    "drivingpassgold": 7350,
    "startvideo": 0
  },
  "25": {
    "id": 25,
    "station1": "7,2;8,2;9,3",
    "station2": "10,3;1,3;4,4",
    "station3": "5,4;6,4;7,5",
    "station4": "8,5;9,5;10,5",
    "station5": -1,
    "ticketgold": 50,
    "ticketgold2": 5100,
    "startlucky": 0,
    "endlucky": 0,
    "offlinegold": 15300,
    "drivinggold": 25,
    "drivingpassgold": 7650,
    "startvideo": 0
  },
  "26": {
    "id": 26,
    "station1": "1,2;2,2;3,2;4,3",
    "station2": "5,3;6,3;7,3",
    "station3": "8,4;9,4;10,5",
    "station4": "1,5;2,5;3,5;4,5",
    "station5": -1,
    "ticketgold": 52,
    "ticketgold2": 5300,
    "startlucky": 0,
    "endlucky": 0,
    "offlinegold": 15900,
    "drivinggold": 26,
    "drivingpassgold": 7950,
    "startvideo": 0
  },
  "27": {
    "id": 27,
    "station1": "5,2;6,2;7,2;8,3;9,3",
    "station2": "10,3;1,3;2,4",
    "station3": "3,4;5,4;6,5",
    "station4": "7,5;8,5;9,5",
    "station5": -1,
    "ticketgold": 54,
    "ticketgold2": 5500,
    "startlucky": 0,
    "endlucky": 0,
    "offlinegold": 16500,
    "drivinggold": 27,
    "drivingpassgold": 8250,
    "startvideo": 0
  },
  "28": {
    "id": 28,
    "station1": "10,2;1,2;2,3;3,3;4,4",
    "station2": "5,4;6,4;7,4;8,4",
    "station3": "9,5;10,5;1,5;2,5",
    "station4": "6,5",
    "station5": -1,
    "ticketgold": 56,
    "ticketgold2": 5700,
    "startlucky": 0,
    "endlucky": 0,
    "offlinegold": 17100,
    "drivinggold": 28,
    "drivingpassgold": 8550,
    "startvideo": 0
  },
  "29": {
    "id": 29,
    "station1": "7,2;8,2;9,3;10,3",
    "station2": "1,3;2,4;3,4;5,4",
    "station3": "6,4;7,5;8,5;9,5",
    "station4": "10,5;1,5",
    "station5": -1,
    "ticketgold": 58,
    "ticketgold2": 5900,
    "startlucky": 0,
    "endlucky": 0,
    "offlinegold": 17700,
    "drivinggold": 29,
    "drivingpassgold": 8850,
    "startvideo": 0
  },
  "30": {
    "id": 30,
    "station1": "2,2;3,2;4,2;5,3",
    "station2": "6,3;7,3;8,4",
    "station3": "9,4;10,4;1,4;2,5",
    "station4": "3,5;4,5;6,5",
    "station5": -1,
    "ticketgold": 60,
    "ticketgold2": 6100,
    "startlucky": 0,
    "endlucky": 0,
    "offlinegold": 18300,
    "drivinggold": 30,
    "drivingpassgold": 9150,
    "startvideo": 0
  },
  "31": {
    "id": 31,
    "station1": "5,2;6,2;7,3;8,3",
    "station2": "9,3;10,4;1,4",
    "station3": "5,4",
    "station4": -1,
    "station5": 0.0,
    "ticketgold": 62,
    "ticketgold2": 6300,
    "startlucky": 0,
    "endlucky": 0,
    "offlinegold": 18900,
    "drivinggold": 31,
    "drivingpassgold": 9450,
    "startvideo": 0
  },
  "32": {
    "id": 32,
    "station1": "6,2;7,2;8,2;9,3",
    "station2": "10,4",
    "station3": "1,4;2,4;3,4",
    "station4": -1,
    "station5": 0.0,
    "ticketgold": 64,
    "ticketgold2": 6500,
    "startlucky": 0,
    "endlucky": 0,
    "offlinegold": 19500,
    "drivinggold": 32,
    "drivingpassgold": 9750,
    "startvideo": 0
  },
  "33": {
    "id": 33,
    "station1": "4,2;5,3;5,3",
    "station2": "6,4;7,4",
    "station3": "8,4;9,4;10,4",
    "station4": -1,
    "station5": 0.0,
    "ticketgold": 66,
    "ticketgold2": 6700,
    "startlucky": 0,
    "endlucky": 0,
    "offlinegold": 20100,
    "drivinggold": 33,
    "drivingpassgold": 10050,
    "startvideo": 0
  },
  "34": {
    "id": 34,
    "station1": "1,2;2,2;3,2;4,3",
    "station2": "5,4",
    "station3": "6,4;7,4;8,4",
    "station4": -1,
    "station5": 0.0,
    "ticketgold": 68,
    "ticketgold2": 6900,
    "startlucky": 0,
    "endlucky": 0,
    "offlinegold": 20700,
    "drivinggold": 34,
    "drivingpassgold": 10350,
    "startvideo": 0
  },
  "35": {
    "id": 35,
    "station1": "9,2;10,2;1,2;3,3;4,3",
    "station2": "5,3;6,3;7,3",
    "station3": -1,
    "station4": 0.0,
    "station5": 0.0,
    "ticketgold": 70,
    "ticketgold2": 7100,
    "startlucky": 0,
    "endlucky": 0,
    "offlinegold": 21300,
    "drivinggold": 35,
    "drivingpassgold": 10650,
    "startvideo": 0
  },
  "36": {
    "id": 36,
    "station1": "8,2;9,2;10,3;1,3",
    "station2": "2,3;3,4;4,4",
    "station3": "5,5",
    "station4": "6,5;7,5",
    "station5": -1,
    "ticketgold": 72,
    "ticketgold2": 7300,
    "startlucky": 0,
    "endlucky": 0,
    "offlinegold": 21900,
    "drivinggold": 36,
    "drivingpassgold": 10950,
    "startvideo": 0
  },
  "37": {
    "id": 37,
    "station1": "8,2;9,2;10,2",
    "station2": "1,3",
    "station3": "2,4;3,5;4,5",
    "station4": "5,5;6,5;7,5",
    "station5": -1,
    "ticketgold": 74,
    "ticketgold2": 7500,
    "startlucky": 0,
    "endlucky": 0,
    "offlinegold": 22500,
    "drivinggold": 37,
    "drivingpassgold": 11250,
    "startvideo": 0
  },
  "38": {
    "id": 38,
    "station1": "1,2;2,3;3,3;4,4",
    "station2": "5,4;6,4",
    "station3": "7,4;8,5;9,5",
    "station4": "10,5",
    "station5": -1,
    "ticketgold": 76,
    "ticketgold2": 7700,
    "startlucky": 0,
    "endlucky": 0,
    "offlinegold": 23100,
    "drivinggold": 38,
    "drivingpassgold": 11550,
    "startvideo": 0
  },
  "39": {
    "id": 39,
    "station1": "5,2;6,2;7,2;8,3",
    "station2": "9,3",
    "station3": "10,4;1,5",
    "station4": "2,5;3,5;4,5",
    "station5": -1,
    "ticketgold": 78,
    "ticketgold2": 7900,
    "startlucky": 0,
    "endlucky": 0,
    "offlinegold": 23700,
    "drivinggold": 39,
    "drivingpassgold": 11850,
    "startvideo": 0
  },
  "40": {
    "id": 40,
    "station1": "9,2;10,2",
    "station2": "1,3;2,3;3,3",
    "station3": "4,4",
    "station4": "5,5;6,5;7,5;8,5",
    "station5": -1,
    "ticketgold": 80,
    "ticketgold2": 8100,
    "startlucky": 0,
    "endlucky": 0,
    "offlinegold": 24300,
    "drivinggold": 40,
    "drivingpassgold": 12150,
    "startvideo": 0
  },
  "41": {
    "id": 41,
    "station1": "1,2;2,2;3,2;4,3",
    "station2": "5,3;6,3",
    "station3": "7,4;8,4;9,5",
    "station4": "10,5;1,5;2,5",
    "station5": -1,
    "ticketgold": 82,
    "ticketgold2": 8300,
    "startlucky": 0,
    "endlucky": 0,
    "offlinegold": 24900,
    "drivinggold": 41,
    "drivingpassgold": 12450,
    "startvideo": 0
  },
  "42": {
    "id": 42,
    "station1": "5,2;6,2;7,3",
    "station2": "8,3;9,3;10,4",
    "station3": "1,4;2,4;5,5",
    "station4": "6,5;7,5;8,5",
    "station5": -1,
    "ticketgold": 84,
    "ticketgold2": 8500,
    "startlucky": 0,
    "endlucky": 0,
    "offlinegold": 25500,
    "drivinggold": 42,
    "drivingpassgold": 12750,
    "startvideo": 0
  },
  "43": {
    "id": 43,
    "station1": "8,2;7,2;9,3;10,3;1,4",
    "station2": "2,4;3,4;4,4;5,5",
    "station3": "6,5;7,5",
    "station4": "8,5",
    "station5": -1,
    "ticketgold": 86,
    "ticketgold2": 8700,
    "startlucky": 0,
    "endlucky": 0,
    "offlinegold": 26100,
    "drivinggold": 43,
    "drivingpassgold": 13050,
    "startvideo": 0
  },
  "44": {
    "id": 44,
    "station1": "3,2;4,2;5,3;6,3",
    "station2": "7,4;8,4",
    "station3": "9,4;10,5;1,5;2,5",
    "station4": "3,5;4,5",
    "station5": -1,
    "ticketgold": 88,
    "ticketgold2": 8900,
    "startlucky": 0,
    "endlucky": 0,
    "offlinegold": 26700,
    "drivinggold": 44,
    "drivingpassgold": 13350,
    "startvideo": 0
  },
  "45": {
    "id": 45,
    "station1": "7,2;8,2;9,3",
    "station2": "10,3;1,3;4,4",
    "station3": "5,4;6,4;7,5",
    "station4": "8,5;9,5;10,5",
    "station5": -1,
    "ticketgold": 90,
    "ticketgold2": 9100,
    "startlucky": 0,
    "endlucky": 0,
    "offlinegold": 27300,
    "drivinggold": 45,
    "drivingpassgold": 13650,
    "startvideo": 0
  },
  "46": {
    "id": 46,
    "station1": "1,2;2,2;3,2;4,3",
    "station2": "5,3;6,3;7,3",
    "station3": "8,4;9,4;10,5",
    "station4": "1,5;2,5;3,5;4,5",
    "station5": -1,
    "ticketgold": 92,
    "ticketgold2": 9300,
    "startlucky": 0,
    "endlucky": 0,
    "offlinegold": 27900,
    "drivinggold": 46,
    "drivingpassgold": 13950,
    "startvideo": 0
  },
  "47": {
    "id": 47,
    "station1": "5,2;6,2;7,2;8,3;9,3",
    "station2": "10,3;1,3;2,4",
    "station3": "3,4;5,4;6,5",
    "station4": "7,5;8,5;9,5",
    "station5": -1,
    "ticketgold": 94,
    "ticketgold2": 9500,
    "startlucky": 0,
    "endlucky": 0,
    "offlinegold": 28500,
    "drivinggold": 47,
    "drivingpassgold": 14250,
    "startvideo": 0
  },
  "48": {
    "id": 48,
    "station1": "10,2;1,2;2,3;3,3;4,4",
    "station2": "5,4;6,4;7,4;8,4",
    "station3": "9,5;10,5;1,5;2,5",
    "station4": "6,5",
    "station5": -1,
    "ticketgold": 96,
    "ticketgold2": 9700,
    "startlucky": 0,
    "endlucky": 0,
    "offlinegold": 29100,
    "drivinggold": 48,
    "drivingpassgold": 14550,
    "startvideo": 0
  },
  "49": {
    "id": 49,
    "station1": "7,2;8,2;9,3;10,3",
    "station2": "1,3;2,4;3,4;5,4",
    "station3": "6,4;7,5;8,5;9,5",
    "station4": "10,5;1,5",
    "station5": -1,
    "ticketgold": 98,
    "ticketgold2": 9900,
    "startlucky": 0,
    "endlucky": 0,
    "offlinegold": 29700,
    "drivinggold": 49,
    "drivingpassgold": 14850,
    "startvideo": 0
  },
  "50": {
    "id": 50,
    "station1": "2,2;3,2;4,2;5,3",
    "station2": "6,3;7,3;8,4",
    "station3": "9,4;10,4;1,4;2,5",
    "station4": "3,5;4,5;6,5",
    "station5": -1,
    "ticketgold": 100,
    "ticketgold2": 10100,
    "startlucky": 0,
    "endlucky": 0,
    "offlinegold": 30300,
    "drivinggold": 50,
    "drivingpassgold": 15150,
    "startvideo": 0
  }
}